<?xml version="1.0" encoding="utf-8" ?>
<manifest>
 <control namespace="LMECashFlowGridV8" constructor="ModelDrivenGrid" version="0.3.1" display-name-key="LMECashFlowGridV8" description-key="LMECashFlowGridV8" control-type="standard"> 
    <!--external-service-usage node declares whether this 3rd party PCF control is using external service or not, if yes, this control will be considered as premium and please also add the external domain it is using.
    If it is not using any external service, please set the enabled="false" and DO NOT add any domain below. The "enabled" will be false by default.
    Example1:
      <external-service-usage enabled="true">
        <domain>www.Microsoft.com</domain>
      </external-service-usage>
    Example2:
      <external-service-usage enabled="false">
      </external-service-usage>
    -->
    <!-- dataset node represents a set of entity records on CDS; allow more than one datasets -->
    <data-set name="records" display-name-key="Records_Dataset_Display"
      cds-data-set-options="displayCommandBar:true;displayViewSelector:true;displayQuickFind:true">
      <!-- <property-set name="HighlightIndicator" display-name-key="HighlightIndicator_Disp" description-key="HighlightIndicator_Desc" of-type="OptionSet" usage="bound" required="true" /> -->
    </data-set>
      <!-- 'property-set' node represents a unique, configurable property that each record in the dataset must provide. -->
      <!-- UNCOMMENT TO ADD PROPERTY-SET NODE
      <property-set name="samplePropertySet" display-name-key="Property_Display_Key" description-key="Property_Desc_Key" of-type="SingleLine.Text" usage="bound" required="true" />
      -->
    
    <property name="NavigationEntityNameValue" display-name-key="NavigationEntityNameValue_Disp" description-key="NavigationEntityNameValue_Desc" of-type="SingleLine.Text" usage="input" required="true"/>
    <property name="NavigationViewIdValue" display-name-key="NavigationViewIdValue_Disp" description-key="NavigationViewIdValue_Desc" of-type="SingleLine.Text" usage="input" required="true"/>
   <property name="SubGridHeight" display-name-key="SubGridHeight_Disp" description-key="SubGridHeight_Desc" of-type="Whole.None" usage="input" required="false"/> 
    <property name="StringStaticFields" display-name-key="StringStaticFields_Disp" description-key="StringStaticFields_Desc" of-type="SingleLine.Text" usage="input" required="true"/>

    <resources>
      <code path="index.ts" order="1"/>
      <resx path="strings/ModelDrivenGrid.1033.resx" version="1.0.0" />
      <css path="css/ModelDrivenGrid.css" order="1" />
      <img path="img/rtlme_CheckedGreen.png" />
      <img path="img/rtlme_CheckedRed.png" />
      <img path="img/rtlme_CheckedRed.png" />
       <img path="img/rtlme_notfoundrecord.svg" />
    </resources>
    
    <!-- <feature-usage>
      <uses-feature name="Device.captureAudio" required="true" />
      <uses-feature name="Device.captureImage" required="true" />
      <uses-feature name="Device.captureVideo" required="true" />
      <uses-feature name="Device.getBarcodeValue" required="true" />
      <uses-feature name="Device.getCurrentPosition" required="true" />
      <uses-feature name="Device.pickFile" required="true" /> -->
      <!-- <uses-feature name="Utility" required="true" />
      <uses-feature name="WebAPI" required="true" /> 
    </feature-usage> -->
  </control>
</manifest>