{"schemaVersion":"1.0","appDefinitionTemplate":{"id":"/providers/Microsoft.PowerApps/apps/","type":"Microsoft.PowerApps/apps","tags":{"primaryDeviceWidth":"1366","primaryDeviceHeight":"768","supportsPortrait":"true","supportsLandscape":"true","primaryFormFactor":"Tablet","publisherVersion":"3.23015.23","minimumRequiredApiVersion":"2.2.0","hasComponent":"true","hasUnlockedComponent":"true","isUnifiedRootApp":"false","sienaVersion":"20230220T030146Z-3.23015.23.0"},"properties":{"appVersion":"2023-02-20T03:01:46Z","lifeCycleId":"Published","createdByClientVersion":{"major":3,"minor":23015,"build":23,"revision":0,"majorRevision":0,"minorRevision":0},"minClientVersion":{"major":3,"minor":23015,"build":23,"revision":0,"majorRevision":0,"minorRevision":0},"backgroundColor":"rgba(255, 255, 255, 1)","backgroundImageUri":"/6423332065079420482/N0db429c4-0b65-45ba-be97-4d809517f6ee-logoSmallFile","displayName":"ISOS KL App_MainApp","description":"","commitMessage":"","appUris":{"documentUri":{"value":"/6423332065079420482/N0a046a8b-cb5c-4d03-bc2e-adec07d095a5-document.msapp"},"imageUris":[],"additionalUris":[]},"createdTime":"0001-01-01T00:00:00Z","lastModifiedTime":"0001-01-01T00:00:00Z","sharedGroupsCount":0,"sharedUsersCount":0,"connectionReferences":{"044d3794-24c6-448a-92f7-2dc9b4e00602":{"id":"2f4e8221-4d8e-48b9-8f07-965ce88ff39c","displayName":"SharePoint","iconUri":"https://connectoricons-prod.azureedge.net/u/juanq/gateway/greyhound/3000.150.11/1.0.1613.3116/sharepointonline/icon.png","dataSources":["Matrix","GSS Structure","GSS KL RTR Journal Request Workflow."],"dependencies":[],"dependents":[],"parameterHints":{},"parameterHintsV2":{},"isOnPremiseConnection":false,"bypassConsent":false,"dataSets":{"https://dxcportal.sharepoint.com/sites/TechUpDemo":{"dataSources":{"Matrix":{"tableName":"ba0a5010-2faa-4b95-8282-97db05d502c3"},"GSS Structure":{"tableName":"f7a0d3cd-e755-431e-87c1-859d7b411da9"},"GSS KL RTR Journal Request Workflow.":{"tableName":"de6e480e-f4cf-48b5-9740-9bba074a88d8"}}}},"apiTier":"Standard","isCustomApiConnection":false,"actions":["providers/PowerPlatform.Governance/Operations/Read","providers/PowerPlatform.Governance/Operations/Write","providers/PowerPlatform.Governance/Operations/Delete"]}},"databaseReferences":{},"almMode":"Environment","performanceOptimizationEnabled":true,"canConsumeAppPass":true,"enableModernRuntimeMode":false,"executionRestrictions":{"isTeamsOnly":false,"dataLossPreventionEvaluationResult":{"status":"Compliant","lastEvaluationDate":"2022-11-28T04:43:30.3415493Z","violations":[],"violationsByPolicy":[],"violationErrorMessage":"The app uses the following connectors: shared_sharepointonline."}}},"appType":"ClassicCanvasApp","appComponents":[]}}