{"schemaVersion":"1.0","appDefinitionTemplate":{"id":"/providers/Microsoft.PowerApps/apps/","type":"Microsoft.PowerApps/apps","tags":{"primaryDeviceWidth":"1366","primaryDeviceHeight":"1920","sienaVersion":"20221130T130046Z-3.23051.17.0","deviceCapabilities":"","supportsPortrait":"true","supportsLandscape":"true","primaryFormFactor":"Tablet","publisherVersion":"3.21102.25","minimumRequiredApiVersion":"2.2.0","hasComponent":"false","hasUnlockedComponent":"false","isUnifiedRootApp":"false"},"properties":{"appVersion":"2022-11-30T13:00:46Z","lifeCycleId":"Published","createdByClientVersion":{"major":3,"minor":21102,"build":25,"revision":0,"majorRevision":0,"minorRevision":0},"minClientVersion":{"major":3,"minor":21102,"build":25,"revision":0,"majorRevision":0,"minorRevision":0},"backgroundColor":"rgba(255, 255, 255, 1)","backgroundImageUri":"/1378133395859195630/Nb0710574-ec97-46e6-b7a8-de15b883d868-N52458a7a-3e06-4c99-9f3e-d5ec97956843-Na7f3526b-d338-4615-b6b6-e20ea2c7c531-logoSmallFile","displayName":"Payment Management Clone","description":"","commitMessage":"","appUris":{"documentUri":{"value":"/1378133395859195630/N7f09eb8d-0c20-4bc7-80d7-db95385f288e-Nf3bf4474-2c21-41ed-9907-7bb838fd1577-Nc63cf131-c5da-4e87-b198-c7939ee2016e-document.msapp"},"imageUris":[],"additionalUris":[]},"createdTime":"0001-01-01T00:00:00Z","lastModifiedTime":"0001-01-01T00:00:00Z","sharedGroupsCount":0,"sharedUsersCount":0,"connectionReferences":{"832b9077-e011-4d0c-b1f8-2e59a008b2fb":{"id":"2f4e8221-4d8e-48b9-8f07-965ce88ff39c","displayName":"SharePoint","iconUri":"https://connectoricons-prod.azureedge.net/releases/v1.0.1610-greyhound-localization-RelayFix/1.0.1610.3091/sharepointonline/icon.png","dataSources":["Departments","Payment Details Table","Payment Requests","PaymentDocuments","Purchase Requests","TeamsManagement","UserManagement"],"dependencies":[],"dependents":["0bb18fc6-dabf-407c-9cde-ffdb13bc6a6a","2f9aa097-746f-4cd6-847e-3e33720f9a58","6cc1ac78-1e65-41ff-92b4-70220e4949e8"],"parameterHints":{},"parameterHintsV2":{},"isOnPremiseConnection":false,"bypassConsent":false,"dataSets":{"https://pjtechs.sharepoint.com/sites/PurchasingAndPaymentManagement":{"dataSources":{}}},"apiTier":"Standard","isCustomApiConnection":false,"actions":["providers/PowerPlatform.Governance/Operations/Read","providers/PowerPlatform.Governance/Operations/Write"]},"368efae3-5759-4578-a84f-df478f422fe8":{"id":"29be672d-8884-4eb9-94e6-ea8156e3f860","displayName":"Office 365 Users","iconUri":"https://connectoricons-prod.azureedge.net/releases/v1.0.1593/1.0.1593.2980/office365users/icon.png","dataSources":["Office365Users"],"dependencies":[],"dependents":[],"parameterHints":{},"parameterHintsV2":{},"isOnPremiseConnection":false,"bypassConsent":false,"dataSets":{},"apiTier":"Standard","isCustomApiConnection":false},"0bb18fc6-dabf-407c-9cde-ffdb13bc6a6a":{"id":"b1c4dff5-3666-4791-adfb-69dc3b11bf6c","displayName":"Logic flows","iconUri":"https://connectoricons-prod.azureedge.net/releases/v1.0.1534/1.0.1534.2605/logicflows/icon.png","dataSources":["PRSendFilesToPaymentDocuments"],"dependencies":["832b9077-e011-4d0c-b1f8-2e59a008b2fb"],"dependents":[],"parameterHints":{"workflowEntityId":{},"832b9077-e011-4d0c-b1f8-2e59a008b2fb":{"value":"shared_sharepointonline"}},"parameterHintsV2":{"workflowEntityId":{},"shared_sharepointonline":{"value":"832b9077-e011-4d0c-b1f8-2e59a008b2fb"}},"isOnPremiseConnection":false,"bypassConsent":false,"dataSets":{},"apiTier":"Standard","isCustomApiConnection":false,"actions":["Run"]},"2f9aa097-746f-4cd6-847e-3e33720f9a58":{"id":"b1c4dff5-3666-4791-adfb-69dc3b11bf6c","displayName":"Logic flows","iconUri":"https://connectoricons-prod.azureedge.net/releases/v1.0.1534/1.0.1534.2605/logicflows/icon.png","dataSources":["PRDeleteFilesIntoPaymentDocuments"],"dependencies":["832b9077-e011-4d0c-b1f8-2e59a008b2fb"],"dependents":[],"parameterHints":{"workflowEntityId":{},"832b9077-e011-4d0c-b1f8-2e59a008b2fb":{"value":"shared_sharepointonline"}},"parameterHintsV2":{"workflowEntityId":{},"shared_sharepointonline":{"value":"832b9077-e011-4d0c-b1f8-2e59a008b2fb"}},"isOnPremiseConnection":false,"bypassConsent":false,"dataSets":{},"apiTier":"Standard","isCustomApiConnection":false,"actions":["Run"]},"6cc1ac78-1e65-41ff-92b4-70220e4949e8":{"id":"b1c4dff5-3666-4791-adfb-69dc3b11bf6c","displayName":"Logic flows","iconUri":"https://connectoricons-prod.azureedge.net/releases/v1.0.1534/1.0.1534.2605/logicflows/icon.png","dataSources":["[Pr]:SendMailWhenStatusApprovedOrFinish_1"],"dependencies":["86663262-87fa-4254-8212-afbf425d7f32","493faed2-0a3a-4e10-afc1-f04abed9cbfc","832b9077-e011-4d0c-b1f8-2e59a008b2fb","a0949ba7-9a9c-4ab0-86e5-a54eb4e35b9b","8a797bb2-c3ca-4f33-894c-f495af42175e"],"dependents":[],"parameterHints":{"workflowEntityId":{},"86663262-87fa-4254-8212-afbf425d7f32":{"value":"shared_office365_1"},"493faed2-0a3a-4e10-afc1-f04abed9cbfc":{"value":"shared_teams_1"},"832b9077-e011-4d0c-b1f8-2e59a008b2fb":{"value":"shared_sharepointonline_1"},"a0949ba7-9a9c-4ab0-86e5-a54eb4e35b9b":{"value":"shared_conversionservice"},"8a797bb2-c3ca-4f33-894c-f495af42175e":{"value":"shared_teams"}},"parameterHintsV2":{"workflowEntityId":{},"shared_office365_1":{"value":"86663262-87fa-4254-8212-afbf425d7f32"},"shared_teams_1":{"value":"493faed2-0a3a-4e10-afc1-f04abed9cbfc"},"shared_sharepointonline_1":{"value":"832b9077-e011-4d0c-b1f8-2e59a008b2fb"},"shared_conversionservice":{"value":"a0949ba7-9a9c-4ab0-86e5-a54eb4e35b9b"},"shared_teams":{"value":"8a797bb2-c3ca-4f33-894c-f495af42175e"}},"isOnPremiseConnection":false,"bypassConsent":false,"dataSets":{},"apiTier":"Standard","isCustomApiConnection":false,"actions":["Run"]},"86663262-87fa-4254-8212-afbf425d7f32":{"id":"a6b6d827-b660-420d-9c33-764a79346862","displayName":"Office 365 Outlook","iconUri":"https://connectoricons-prod.azureedge.net/releases/v1.0.1599/1.0.1599.3017/office365/icon.png","dataSources":[],"dependencies":[],"dependents":["6cc1ac78-1e65-41ff-92b4-70220e4949e8"],"parameterHints":{},"parameterHintsV2":{},"isOnPremiseConnection":false,"bypassConsent":false,"dataSets":{},"apiTier":"Standard","isCustomApiConnection":false},"493faed2-0a3a-4e10-afc1-f04abed9cbfc":{"id":"5c364230-f06d-473b-a4ec-92564c17e5f9","displayName":"Microsoft Teams","iconUri":"https://connectoricons-prod.azureedge.net/releases/v1.0.1608/1.0.1608.3079/teams/icon.png","dataSources":[],"dependencies":[],"dependents":["6cc1ac78-1e65-41ff-92b4-70220e4949e8"],"parameterHints":{},"parameterHintsV2":{},"isOnPremiseConnection":false,"bypassConsent":false,"dataSets":{},"apiTier":"Standard","isCustomApiConnection":false},"a0949ba7-9a9c-4ab0-86e5-a54eb4e35b9b":{"id":"67a6841c-9d2f-495b-8302-1e8a373787ca","displayName":"Content Conversion","iconUri":"https://connectoricons-prod.azureedge.net/releases/v1.0.1595/1.0.1595.2986/conversionservice/icon.png","dataSources":[],"dependencies":[],"dependents":["6cc1ac78-1e65-41ff-92b4-70220e4949e8"],"parameterHints":{},"parameterHintsV2":{},"isOnPremiseConnection":false,"bypassConsent":false,"dataSets":{},"apiTier":"Standard","isCustomApiConnection":false},"8a797bb2-c3ca-4f33-894c-f495af42175e":{"id":"5c364230-f06d-473b-a4ec-92564c17e5f9","displayName":"Microsoft Teams","iconUri":"https://connectoricons-prod.azureedge.net/releases/v1.0.1608/1.0.1608.3079/teams/icon.png","dataSources":[],"dependencies":[],"dependents":["6cc1ac78-1e65-41ff-92b4-70220e4949e8"],"parameterHints":{},"parameterHintsV2":{},"isOnPremiseConnection":false,"bypassConsent":false,"dataSets":{},"apiTier":"Standard","isCustomApiConnection":false}},"databaseReferences":{},"almMode":"Environment","performanceOptimizationEnabled":true,"canConsumeAppPass":true,"enableModernRuntimeMode":false,"executionRestrictions":{"isTeamsOnly":false,"dataLossPreventionEvaluationResult":{"status":"Compliant","lastEvaluationDate":"2021-08-16T02:38:41.9299966Z","violations":[],"violationsByPolicy":[],"violationErrorMessage":"The app uses the following connectors: shared_sharepointonline."}}},"appType":"ClassicCanvasApp","appComponents":[]}}