<?xml version="1.0" encoding="utf-8" ?>
<manifest>
  <control namespace="LMEGrid" constructor="LMEGrid" version="0.1.73" display-name-key="LMEGrid" description-key="LMEGrid" control-type="virtual" >
    <property name="EventName" display-name-key="EventName" description-key="EventName" of-type="SingleLine.Text" usage="bound" required="true" />
    <resources>
      <code path="index.ts" order="1"/>
      <css path="css/ModelDrivenGrid.css" order="1" />
      <platform-library name="React" version="16.8.6" />
      <platform-library name="Fluent" version="8.29.0" />
    </resources>
    <feature-usage>
      <uses-feature name="WebAPI" required="true" /> 
    </feature-usage> 
  </control>
</manifest>